name,enabled,n_phases,n_conds,base_freq,x_hl,x_ht,x_lt,pct_load_loss,ppm_anti_float
subxfmr,true,3,4,60,0.1063,0.35,0.3,0.24,1E-6
step_05410_a1,true,3,4,60,0.0605,0.35,0.3,0.5368234200000001,1E-6
step_05410_a2,true,3,4,60,0.0605,0.35,0.3,0.5368234200000001,1E-6
step_05410_g2001sj8600_1,true,1,2,60,0.0372,0.35,0.3,0.8100000000000002,1E-6
step_05410_g2001sj8600_2,true,1,2,60,0.0372,0.35,0.3,0.8100000000000002,1E-6
step_05410_g2001sk2300,true,1,2,60,0.0348,0.35,0.3,1,1E-6
step_05410_g2001ti7700_1,true,1,2,60,0.0372,0.35,0.3,0.8100000000000002,1E-6
step_05410_g2001ti7700_2,true,1,2,60,0.0372,0.35,0.3,0.8100000000000002,1E-6
step_05410_g2001vd7700,true,1,2,60,0.0372,0.35,0.3,0.8100000000000002,1E-6
step_05410_g2001ve1300_1,true,1,2,60,0.0372,0.35,0.3,0.8100000000000002,1E-6
step_05410_g2001ve1300_2,true,1,2,60,0.0372,0.35,0.3,0.8100000000000002,1E-6
step_05410_g2001vh1300_1,true,1,2,60,0.04055,0.35,0.3,0.9450000000000001,1E-6
step_05410_g2001vh1300_2,true,1,2,60,0.04055,0.35,0.3,0.9450000000000001,1E-6
step_05410_g2001xe8200,true,1,2,60,0.0372,0.35,0.3,0.8100000000000002,1E-6
step_05410_g2001xe9300,true,1,2,60,0.0372,0.35,0.3,0.8100000000000002,1E-6
step_05410_g2100ci3100,true,1,2,60,0.0372,0.35,0.3,0.8149999999999999,1E-6
step_05410_g2100ci5100,true,1,2,60,0.0372,0.35,0.3,0.8149999999999999,1E-6
step_05410_g2100oj1900,true,1,2,60,0.042,0.35,0.3,0.79,1E-6
step_05410_g2101al3800_1,true,1,2,60,0.04055,0.35,0.3,0.9450000000000001,1E-6
step_05410_g2101al3800_2,true,1,2,60,0.04055,0.35,0.3,0.9450000000000001,1E-6
step_05410_g2101cc3300,true,1,2,60,0.0348,0.35,0.3,1,1E-6
step_05410_g2101cd0200,true,1,2,60,0.04055,0.35,0.3,0.9450000000000001,1E-6
step_05410_g2101dc0000,true,1,2,60,0.0348,0.35,0.3,1,1E-6
step_05410_g2101fb2700,true,1,2,60,0.0372,0.35,0.3,0.8100000000000002,1E-6
step_05410_g2101fb2701,true,1,2,60,0.0372,0.35,0.3,0.8100000000000002,1E-6
05410_g2000ff4400,true,1,2,60,0.01575,0.35,0.3,1.4,1E-6
05410_g2000rn2800,true,1,2,60,0.01835,0.35,0.3,1.266,1E-6
05410_g2000ro4500,true,1,2,60,0.01835,0.35,0.3,1.266,1E-6
05410_g2000sk5500,true,1,2,60,0.02025,0.35,0.3,0.877,1E-6
05410_g2000sk7800,true,1,2,60,0.02025,0.35,0.3,0.877,1E-6
05410_g2000sn2500,true,1,2,60,0.02025,0.35,0.3,0.877,1E-6
05410_g2000sn8400,true,1,2,60,0.01835,0.35,0.3,1.266,1E-6
05410_g2000sn8800,true,1,2,60,0.01835,0.35,0.3,1.266,1E-6
05410_g2000so1800,true,1,2,60,0.02025,0.35,0.3,0.877,1E-6
05410_g2000so2200,true,1,2,60,0.02025,0.35,0.3,0.877,1E-6
05410_g2000so9400,true,1,2,60,0.01835,0.35,0.3,1.266,1E-6
05410_g2000so9800,true,1,2,60,0.01835,0.35,0.3,1.266,1E-6
05410_g2000tj2700,true,1,2,60,0.02025,0.35,0.3,0.877,1E-6
05410_g2000tl1200,true,1,2,60,0.0329,0.35,0.3,1.3575,1E-6
05410_g2000tl5600,true,1,2,60,0.02025,0.35,0.3,0.877,1E-6
05410_g2000tn4400,true,1,2,60,0.02025,0.35,0.3,0.877,1E-6
05410_g2000uh9400,true,1,2,60,0.01835,0.35,0.3,1.266,1E-6
05410_g2000uh9800,true,1,2,60,0.02025,0.35,0.3,0.877,1E-6
05410_g2000ui3100,true,1,2,60,0.02025,0.35,0.3,0.877,1E-6
05410_g2000ui5400,true,1,2,60,0.0329,0.35,0.3,1.3575,1E-6
05410_g2000ui6400,true,1,2,60,0.02025,0.35,0.3,0.877,1E-6
05410_g2000uj0800,true,1,2,60,0.02025,0.35,0.3,0.877,1E-6
05410_g2000uj3600,true,1,2,60,0.0329,0.35,0.3,1.3575,1E-6
05410_g2000uj6500,true,1,2,60,0.0329,0.35,0.3,1.3575,1E-6
05410_g2000uk1100,true,1,2,60,0.02025,0.35,0.3,0.877,1E-6
05410_g2000ul1900,true,1,2,60,0.02025,0.35,0.3,0.877,1E-6
05410_g2000ul3200,true,1,2,60,0.0329,0.35,0.3,1.3575,1E-6
05410_g2000ul7700,true,1,2,60,0.01965,0.35,0.3,1.134,1E-6
05410_g2000um7300,true,1,2,60,0.01745,0.35,0.3,1.316,1E-6
05410_g2000uo1100,true,1,2,60,0.02025,0.35,0.3,0.877,1E-6
05410_g2000vb6800,true,1,2,60,0.01835,0.35,0.3,1.266,1E-6
05410_g2000vh4000,true,1,2,60,0.0218,0.35,0.3,1.49333333333333,1E-6
05410_g2000vh9100,true,1,2,60,0.0218,0.35,0.3,1.49333333333333,1E-6
05410_g2000vh9500,true,1,2,60,0.02355,0.35,0.3,0.833532934131737,1E-6
05410_g2000vi6200,true,1,2,60,0.02355,0.35,0.3,0.833532934131737,1E-6
05410_g2000vj0200,true,1,2,60,0.0329,0.35,0.3,1.3575,1E-6
05410_g2000vl8700,true,1,2,60,0.01745,0.35,0.3,1.316,1E-6
05410_g2000vm1500,true,1,2,60,0.01745,0.35,0.3,1.316,1E-6
05410_g2000vm6800,true,1,2,60,0.01745,0.35,0.3,1.316,1E-6
05410_g2000vo8200,true,1,2,60,0.02025,0.35,0.3,0.877,1E-6
05410_g2000wh5900,true,1,2,60,0.02025,0.35,0.3,0.877,1E-6
05410_g2000wi4400,true,1,2,60,0.0329,0.35,0.3,1.3575,1E-6
05410_g2000wk0800,true,1,2,60,0.01745,0.35,0.3,1.316,1E-6
05410_g2000wk8200,true,1,2,60,0.0218,0.35,0.3,1.49333333333333,1E-6
05410_g2000wl3500,true,1,2,60,0.01745,0.35,0.3,1.316,1E-6
05410_g2000wl4100,true,1,2,60,0.01745,0.35,0.3,1.316,1E-6
05410_g2000wl9300,true,1,2,60,0.0218,0.35,0.3,1.49333333333333,1E-6
05410_g2000wm0100,true,1,2,60,0.01745,0.35,0.3,1.316,1E-6
05410_g2000wm3200,true,1,2,60,0.01745,0.35,0.3,1.316,1E-6
05410_g2000wm6400,true,1,2,60,0.019025,0.35,0.3,1.212,1E-6
05410_g2000wn0100,true,1,2,60,0.01745,0.35,0.3,1.316,1E-6
05410_g2000wn3300,true,1,2,60,0.01745,0.35,0.3,1.316,1E-6
05410_g2000wo2300,true,1,2,60,0.01835,0.35,0.3,1.266,1E-6
05410_g2000wo8800,true,1,2,60,0.01835,0.35,0.3,1.266,1E-6
05410_g2000xe9500,true,1,2,60,0.0329,0.35,0.3,1.3575,1E-6
05410_g2000xf7700,true,1,2,60,0.02025,0.35,0.3,0.877,1E-6
05410_g2000xg5800,true,1,2,60,0.02025,0.35,0.3,0.877,1E-6
05410_g2000xh0500,true,1,2,60,0.0218,0.35,0.3,1.49333333333333,1E-6
05410_g2000xh4000,true,1,2,60,0.0218,0.35,0.3,1.49333333333333,1E-6
05410_g2000xh4800,true,1,2,60,0.01835,0.35,0.3,1.266,1E-6
05410_g2000xh7500,true,1,2,60,0.02025,0.35,0.3,0.877,1E-6
05410_g2000xj7800,true,1,2,60,0.01965,0.35,0.3,1.134,1E-6
05410_g2000xj9800,true,1,2,60,0.01965,0.35,0.3,1.134,1E-6
05410_g2000xk5800,true,1,2,60,0.0218,0.35,0.3,1.49333333333333,1E-6
05410_g2000xl0100,true,1,2,60,0.01745,0.35,0.3,1.316,1E-6
05410_g2000xl0800,true,1,2,60,0.01745,0.35,0.3,1.316,1E-6
05410_g2000xl1500,true,1,2,60,0.01965,0.35,0.3,1.134,1E-6
05410_g2000xl6500,true,1,2,60,0.01745,0.35,0.3,1.316,1E-6
05410_g2000xl8000,true,1,2,60,0.01745,0.35,0.3,1.316,1E-6
05410_g2000xl9500,true,1,2,60,0.01745,0.35,0.3,1.316,1E-6
05410_g2000xm1800,true,1,2,60,0.01745,0.35,0.3,1.316,1E-6
05410_g2000xn2900,true,1,2,60,0.01745,0.35,0.3,1.316,1E-6
05410_g2000xn3600,true,1,2,60,0.01835,0.35,0.3,1.266,1E-6
05410_g2000xn7400,true,1,2,60,0.01835,0.35,0.3,1.266,1E-6
05410_g2000xn9200,true,1,2,60,0.01745,0.35,0.3,1.316,1E-6
05410_g2000xn9500,true,1,2,60,0.01745,0.35,0.3,1.316,1E-6
05410_g2000xo7000,true,1,2,60,0.0329,0.35,0.3,1.3575,1E-6
05410_g2000xp1100,true,1,2,60,0.01835,0.35,0.3,1.266,1E-6
05410_g2000ye2100,true,1,2,60,0.01835,0.35,0.3,1.266,1E-6
05410_g2000yi1900,true,1,2,60,0.01745,0.35,0.3,1.316,1E-6
05410_g2000yi2500,true,1,2,60,0.01745,0.35,0.3,1.316,1E-6
05410_g2000ym2700,true,1,2,60,0.01745,0.35,0.3,1.316,1E-6
05410_g2000ym7400,true,1,2,60,0.01745,0.35,0.3,1.316,1E-6
05410_g2001qi3100,true,1,2,60,0.02025,0.35,0.3,0.877,1E-6
05410_g2001qj8800,true,1,2,60,0.02025,0.35,0.3,0.877,1E-6
05410_g2001qn1400,true,1,2,60,0.02025,0.35,0.3,0.877,1E-6
05410_g2001qn1600,true,1,2,60,0.02025,0.35,0.3,0.877,1E-6
05410_g2001qn7500,true,1,2,60,0.02025,0.35,0.3,0.877,1E-6
05410_g2001qo2100,true,1,2,60,0.0329,0.35,0.3,1.3575,1E-6
05410_g2001rb7800,true,1,2,60,0.0329,0.35,0.3,1.3575,1E-6
05410_g2001rg8800,true,1,2,60,0.02025,0.35,0.3,0.877,1E-6
05410_g2001rh0400,true,1,2,60,0.0329,0.35,0.3,1.3575,1E-6
05410_g2001rh4100,true,1,2,60,0.0329,0.35,0.3,1.3575,1E-6
05410_g2001ri6300,true,1,2,60,0.02025,0.35,0.3,0.877,1E-6
05410_g2001rj3400,true,1,2,60,0.0329,0.35,0.3,1.3575,1E-6
05410_g2001rj9700,true,1,2,60,0.02025,0.35,0.3,0.877,1E-6
05410_g2001rl0800,true,1,2,60,0.0329,0.35,0.3,1.3575,1E-6
05410_g2001rm3600,true,1,2,60,0.0329,0.35,0.3,1.3575,1E-6
05410_g2001rm4100,true,1,2,60,0.01835,0.35,0.3,1.266,1E-6
05410_g2001sa1700,true,1,2,60,0.0329,0.35,0.3,1.3575,1E-6
05410_g2001sa7400,true,1,2,60,0.01835,0.35,0.3,1.266,1E-6
05410_g2001sb6900,true,1,2,60,0.0329,0.35,0.3,1.3575,1E-6
05410_g2001sb8200,true,1,2,60,0.0329,0.35,0.3,1.3575,1E-6
05410_g2001se4900,true,1,2,60,0.02025,0.35,0.3,0.877,1E-6
05410_g2001sh1900,true,1,2,60,0.0329,0.35,0.3,1.3575,1E-6
05410_g2001sh3700,true,1,2,60,0.0329,0.35,0.3,1.3575,1E-6
05410_g2001si2800,true,1,2,60,0.02025,0.35,0.3,0.877,1E-6
05410_g2001si3300,true,1,2,60,0.02025,0.35,0.3,0.877,1E-6
05410_g2001si5500,true,1,2,60,0.0329,0.35,0.3,1.3575,1E-6
05410_g2001sj3800,true,1,2,60,0.02025,0.35,0.3,0.877,1E-6
05410_g2001sj5400,true,1,2,60,0.0329,0.35,0.3,1.3575,1E-6
05410_g2001sl0100,true,1,2,60,0.0329,0.35,0.3,1.3575,1E-6
05410_g2001sl1400,true,1,2,60,0.0329,0.35,0.3,1.3575,1E-6
05410_g2001sl1900,true,1,2,60,0.02025,0.35,0.3,0.877,1E-6
05410_g2001sl6300,true,1,2,60,0.0329,0.35,0.3,1.3575,1E-6
05410_g2001sl9500,true,1,2,60,0.0329,0.35,0.3,1.3575,1E-6
05410_g2001ta6400,true,1,2,60,0.02025,0.35,0.3,0.877,1E-6
05410_g2001tb6700,true,1,2,60,0.0329,0.35,0.3,1.3575,1E-6
05410_g2001tc3700,true,1,2,60,0.0329,0.35,0.3,1.3575,1E-6
05410_g2001tc6700,true,1,2,60,0.0329,0.35,0.3,1.3575,1E-6
05410_g2001td3700,true,1,2,60,0.0329,0.35,0.3,1.3575,1E-6
05410_g2001td6700,true,1,2,60,0.0329,0.35,0.3,1.3575,1E-6
05410_g2001te3200,true,1,2,60,0.02025,0.35,0.3,0.877,1E-6
05410_g2001te3800,true,1,2,60,0.02025,0.35,0.3,0.877,1E-6
05410_g2001tf3200,true,1,2,60,0.02025,0.35,0.3,0.877,1E-6
05410_g2001tg2100,true,1,2,60,0.02025,0.35,0.3,0.877,1E-6
05410_g2001th0100,true,1,2,60,0.01835,0.35,0.3,1.266,1E-6
05410_g2001ti4000,true,1,2,60,0.02025,0.35,0.3,0.877,1E-6
05410_g2001ti5600,true,1,2,60,0.02025,0.35,0.3,0.877,1E-6
05410_g2001ti6400,true,1,2,60,0.01835,0.35,0.3,1.266,1E-6
05410_g2001tj2100,true,1,2,60,0.02025,0.35,0.3,0.877,1E-6
05410_g2001tl8100,true,1,2,60,0.01745,0.35,0.3,1.316,1E-6
05410_g2001tl8200,true,1,2,60,0.01745,0.35,0.3,1.316,1E-6
05410_g2001ub2100,true,1,2,60,0.02025,0.35,0.3,0.877,1E-6
05410_g2001ub4400,true,1,2,60,0.0329,0.35,0.3,1.3575,1E-6
05410_g2001uc6800,true,1,2,60,0.0329,0.35,0.3,1.3575,1E-6
05410_g2001ud4700,true,1,2,60,0.023495,0.35,0.3,0.856,1E-6
05410_g2001ud7700,true,1,2,60,0.02025,0.35,0.3,0.877,1E-6
05410_g2001ud9000,true,1,2,60,0.0329,0.35,0.3,1.3575,1E-6
05410_g2001ue1100,true,1,2,60,0.02025,0.35,0.3,0.877,1E-6
05410_g2001ue3900,true,1,2,60,0.02025,0.35,0.3,0.877,1E-6
05410_g2001uf3600,true,1,2,60,0.02025,0.35,0.3,0.877,1E-6
05410_g2001uf5200,true,1,2,60,0.02025,0.35,0.3,0.877,1E-6
05410_g2001uh9300,true,1,2,60,0.01745,0.35,0.3,1.316,1E-6
05410_g2001uj5100,true,1,2,60,0.02025,0.35,0.3,0.877,1E-6
05410_g2001uj6300,true,1,2,60,0.02025,0.35,0.3,0.877,1E-6
05410_g2001uk8700,true,1,2,60,0.0329,0.35,0.3,1.3575,1E-6
05410_g2001ul2700,true,1,2,60,0.01835,0.35,0.3,1.266,1E-6
05410_g2001um7400,true,1,2,60,0.01835,0.35,0.3,1.266,1E-6
05410_g2001va3800,true,1,2,60,0.0329,0.35,0.3,1.3575,1E-6
05410_g2001va6200,true,1,2,60,0.0329,0.35,0.3,1.3575,1E-6
05410_g2001vb5300,true,1,2,60,0.0329,0.35,0.3,1.3575,1E-6
05410_g2001vb7800,true,1,2,60,0.02025,0.35,0.3,0.877,1E-6
05410_g2001vc8200,true,1,2,60,0.0329,0.35,0.3,1.3575,1E-6
05410_g2001vd4400,true,1,2,60,0.0329,0.35,0.3,1.3575,1E-6
05410_g2001vd6400,true,1,2,60,0.0329,0.35,0.3,1.3575,1E-6
05410_g2001vd7200,true,1,2,60,0.02025,0.35,0.3,0.877,1E-6
05410_g2001vd8000,true,1,2,60,0.02025,0.35,0.3,0.877,1E-6
05410_g2001ve0100,true,1,2,60,0.0218,0.35,0.3,1.49333333333333,1E-6
05410_g2001vf4000,true,1,2,60,0.01745,0.35,0.3,1.316,1E-6
05410_g2001vf7400,true,1,2,60,0.01745,0.35,0.3,1.316,1E-6
05410_g2001vf9300,true,1,2,60,0.01965,0.35,0.3,1.134,1E-6
05410_g2001vg6500,true,1,2,60,0.0218,0.35,0.3,1.49333333333333,1E-6
05410_g2001vg7500,true,1,2,60,0.01745,0.35,0.3,1.316,1E-6
05410_g2001vh7600,true,1,2,60,0.02025,0.35,0.3,0.877,1E-6
05410_g2001vh9900,true,1,2,60,0.02025,0.35,0.3,0.877,1E-6
05410_g2001vi5200,true,1,2,60,0.0329,0.35,0.3,1.3575,1E-6
05410_g2001vk3300,true,1,2,60,0.02025,0.35,0.3,0.877,1E-6
05410_g2001vk4000,true,1,2,60,0.02025,0.35,0.3,0.877,1E-6
05410_g2001vk9500,true,1,2,60,0.01835,0.35,0.3,1.266,1E-6
05410_g2001wa2400,true,1,2,60,0.02025,0.35,0.3,0.877,1E-6
05410_g2001wb3100,true,1,2,60,0.0329,0.35,0.3,1.3575,1E-6
05410_g2001wb8800,true,1,2,60,0.0329,0.35,0.3,1.3575,1E-6
05410_g2001wb9000,true,1,2,60,0.0329,0.35,0.3,1.3575,1E-6
05410_g2001wc3900,true,1,2,60,0.0329,0.35,0.3,1.3575,1E-6
05410_g2001wc7300,true,1,2,60,0.0329,0.35,0.3,1.3575,1E-6
05410_g2001wd4700,true,1,2,60,0.02025,0.35,0.3,0.877,1E-6
05410_g2001wd5300,true,1,2,60,0.02025,0.35,0.3,0.877,1E-6
05410_g2001we0200,true,1,2,60,0.0329,0.35,0.3,1.3575,1E-6
05410_g2001we2200,true,1,2,60,0.02025,0.35,0.3,0.877,1E-6
05410_g2001we7200,true,1,2,60,0.02025,0.35,0.3,0.877,1E-6
05410_g2001wf0900,true,1,2,60,0.0218,0.35,0.3,1.49333333333333,1E-6
05410_g2001wf4800,true,1,2,60,0.01745,0.35,0.3,1.316,1E-6
05410_g2001wf7000,true,1,2,60,0.0218,0.35,0.3,1.49333333333333,1E-6
05410_g2001wg1100,true,1,2,60,0.01745,0.35,0.3,1.316,1E-6
05410_g2001wg8300,true,1,2,60,0.01965,0.35,0.3,1.134,1E-6
05410_g2001wg9900,true,1,2,60,0.01965,0.35,0.3,1.134,1E-6
05410_g2001wi1100,true,1,2,60,0.02025,0.35,0.3,0.877,1E-6
05410_g2001wi7900,true,1,2,60,0.02025,0.35,0.3,0.877,1E-6
05410_g2001wj2500,true,1,2,60,0.02025,0.35,0.3,0.877,1E-6
05410_g2001wj5200,true,1,2,60,0.02025,0.35,0.3,0.877,1E-6
05410_g2001wj8500,true,1,2,60,0.0329,0.35,0.3,1.3575,1E-6
05410_g2001wl3500,true,1,2,60,0.01835,0.35,0.3,1.266,1E-6
05410_g2001wl4600,true,1,2,60,0.01835,0.35,0.3,1.266,1E-6
05410_g2001wm9100,true,1,2,60,0.01745,0.35,0.3,1.316,1E-6
05410_g2001xa3300,true,1,2,60,0.02025,0.35,0.3,0.877,1E-6
05410_g2001xb6700,true,1,2,60,0.0329,0.35,0.3,1.3575,1E-6
05410_g2001xc3700,true,1,2,60,0.0329,0.35,0.3,1.3575,1E-6
05410_g2001xc7500,true,1,2,60,0.02025,0.35,0.3,0.877,1E-6
05410_g2001xd7800,true,1,2,60,0.01575,0.35,0.3,1.4,1E-6
05410_g2001xe2600,true,1,2,60,0.0329,0.35,0.3,1.3575,1E-6
05410_g2001xe7600,true,1,2,60,0.02025,0.35,0.3,0.877,1E-6
05410_g2001xe9200,true,1,2,60,0.02025,0.35,0.3,0.877,1E-6
05410_g2001xe9500,true,1,2,60,0.02025,0.35,0.3,0.877,1E-6
05410_g2001xf2300,true,1,2,60,0.01745,0.35,0.3,1.316,1E-6
05410_g2001xf9200,true,1,2,60,0.01745,0.35,0.3,1.316,1E-6
05410_g2001xg1800,true,1,2,60,0.01965,0.35,0.3,1.134,1E-6
05410_g2001xh0700,true,1,2,60,0.01835,0.35,0.3,1.266,1E-6
05410_g2001xh1200,true,1,2,60,0.01965,0.35,0.3,1.134,1E-6
05410_g2001xh4300,true,1,2,60,0.01745,0.35,0.3,1.316,1E-6
05410_g2001xi4700,true,1,2,60,0.02025,0.35,0.3,0.877,1E-6
05410_g2001xj8800,true,1,2,60,0.02025,0.35,0.3,0.877,1E-6
05410_g2001xj9600,true,1,2,60,0.01835,0.35,0.3,1.266,1E-6
05410_g2001xk8300,true,1,2,60,0.02025,0.35,0.3,0.877,1E-6
05410_g2001xm3800,true,1,2,60,0.01965,0.35,0.3,1.134,1E-6
05410_g2001ya0300,true,1,2,60,0.02025,0.35,0.3,0.877,1E-6
05410_g2001ya0800,true,1,2,60,0.02025,0.35,0.3,0.877,1E-6
05410_g2001yn2300,true,1,2,60,0.01965,0.35,0.3,1.134,1E-6
05410_g2001yn2500,true,1,2,60,0.0218,0.35,0.3,1.49333333333333,1E-6
05410_g2002ad4400,true,1,2,60,0.02025,0.35,0.3,0.877,1E-6
05410_g2002af2300,true,1,2,60,0.02025,0.35,0.3,0.877,1E-6
05410_g2100aa0800,true,1,2,60,0.0329,0.35,0.3,1.3575,1E-6
05410_g2100ad9900,true,1,2,60,0.0329,0.35,0.3,1.3575,1E-6
05410_g2100ae4800,true,1,2,60,0.0329,0.35,0.3,1.3575,1E-6
05410_g2100ae9900,true,1,2,60,0.0329,0.35,0.3,1.3575,1E-6
05410_g2100af1300,true,1,2,60,0.0218,0.35,0.3,1.49333333333333,1E-6
05410_g2100af5900,true,1,2,60,0.0329,0.35,0.3,1.3575,1E-6
05410_g2100ag2100,true,1,2,60,0.0329,0.35,0.3,1.3575,1E-6
05410_g2100ag8700,true,1,2,60,0.0329,0.35,0.3,1.3575,1E-6
05410_g2100ah2000,true,1,2,60,0.0329,0.35,0.3,1.3575,1E-6
05410_g2100ah6800,true,1,2,60,0.0329,0.35,0.3,1.3575,1E-6
05410_g2100ah8200,true,1,2,60,0.0329,0.35,0.3,1.3575,1E-6
05410_g2100ai4900,true,1,2,60,0.02025,0.35,0.3,0.877,1E-6
05410_g2100ak1200,true,1,2,60,0.02025,0.35,0.3,0.877,1E-6
05410_g2100ak4600,true,1,2,60,0.02025,0.35,0.3,0.877,1E-6
05410_g2100al1800,true,1,2,60,0.01745,0.35,0.3,1.316,1E-6
05410_g2100al3200,true,1,2,60,0.01745,0.35,0.3,1.316,1E-6
05410_g2100al7200,true,1,2,60,0.01745,0.35,0.3,1.316,1E-6
05410_g2100am2000,true,1,2,60,0.01745,0.35,0.3,1.316,1E-6
05410_g2100am2200,true,1,2,60,0.01745,0.35,0.3,1.316,1E-6
05410_g2100am6300,true,1,2,60,0.01745,0.35,0.3,1.316,1E-6
05410_g2100am6700,true,1,2,60,0.01745,0.35,0.3,1.316,1E-6
05410_g2100am8100,true,1,2,60,0.01745,0.35,0.3,1.316,1E-6
05410_g2100am9800,true,1,2,60,0.01745,0.35,0.3,1.316,1E-6
05410_g2100an3400,true,1,2,60,0.01835,0.35,0.3,1.266,1E-6
05410_g2100an4700,true,1,2,60,0.01745,0.35,0.3,1.316,1E-6
05410_g2100an8900,true,1,2,60,0.01745,0.35,0.3,1.316,1E-6
05410_g2100be8900,true,1,2,60,0.02025,0.35,0.3,0.877,1E-6
05410_g2100bg5600,true,1,2,60,0.0329,0.35,0.3,1.3575,1E-6
05410_g2100bh3900,true,1,2,60,0.0329,0.35,0.3,1.3575,1E-6
05410_g2100bh6100,true,1,2,60,0.0329,0.35,0.3,1.3575,1E-6
05410_g2100bi0400,true,1,2,60,0.0218,0.35,0.3,1.49333333333333,1E-6
05410_g2100bi5900,true,1,2,60,0.01575,0.35,0.3,1.4,1E-6
05410_g2100bj0700,true,1,2,60,0.0329,0.35,0.3,1.3575,1E-6
05410_g2100bj1200,true,1,2,60,0.01745,0.35,0.3,1.316,1E-6
05410_g2100bj1300,true,1,2,60,0.02025,0.35,0.3,0.877,1E-6
05410_g2100bj2200,true,1,2,60,0.0193,0.35,0.3,1.0715,1E-6
05410_g2100bj5900,true,1,2,60,0.02025,0.35,0.3,0.877,1E-6
05410_g2100bj7400,true,1,2,60,0.0329,0.35,0.3,1.3575,1E-6
05410_g2100bk4500,true,1,2,60,0.0329,0.35,0.3,1.3575,1E-6
05410_g2100bl0800,true,1,2,60,0.01965,0.35,0.3,1.134,1E-6
05410_g2100bl1200,true,1,2,60,0.01745,0.35,0.3,1.316,1E-6
05410_g2100bl2900,true,1,2,60,0.01745,0.35,0.3,1.316,1E-6
05410_g2100bl8300,true,1,2,60,0.01965,0.35,0.3,1.134,1E-6
05410_g2100bm3700,true,1,2,60,0.01745,0.35,0.3,1.316,1E-6
05410_g2100bm6500,true,1,2,60,0.01745,0.35,0.3,1.316,1E-6
05410_g2100bm9200,true,1,2,60,0.01745,0.35,0.3,1.316,1E-6
05410_g2100bn6500,true,1,2,60,0.0218,0.35,0.3,1.49333333333333,1E-6
05410_g2100bn9700,true,1,2,60,0.02025,0.35,0.3,0.877,1E-6
05410_g2100bo1200,true,1,2,60,0.01835,0.35,0.3,1.266,1E-6
05410_g2100bo6800,true,1,2,60,0.01835,0.35,0.3,1.266,1E-6
05410_g2100bo8200,true,1,2,60,0.01835,0.35,0.3,1.266,1E-6
05410_g2100bp7000,true,1,2,60,0.02025,0.35,0.3,0.877,1E-6
05410_g2100cg0300,true,1,2,60,0.02355,0.35,0.3,0.833532934131737,1E-6
05410_g2100ch1800,true,1,2,60,0.0329,0.35,0.3,1.3575,1E-6
05410_g2100ch7400,true,1,2,60,0.02355,0.35,0.3,0.833532934131737,1E-6
05410_g2100ci1500,true,1,2,60,0.0329,0.35,0.3,1.3575,1E-6
05410_g2100ci3400,true,1,2,60,0.01965,0.35,0.3,1.134,1E-6
05410_g2100ci4600,true,1,2,60,0.02025,0.35,0.3,0.877,1E-6
05410_g2100ci6400,true,3,4,60,0.0218,0.35,0.3,1.49333333333333,1E-6
05410_g2100cj3000,true,1,2,60,0.026575,0.35,0.3,1.11725,1E-6
05410_g2100cj3400,true,1,2,60,0.02025,0.35,0.3,0.877,1E-6
05410_g2100ck4000,true,1,2,60,0.02025,0.35,0.3,0.877,1E-6
05410_g2100ck4100,true,1,2,60,0.0329,0.35,0.3,1.3575,1E-6
05410_g2100cl7400,true,1,2,60,0.01745,0.35,0.3,1.316,1E-6
05410_g2100cl9700,true,1,2,60,0.01745,0.35,0.3,1.316,1E-6
05410_g2100cm0100,true,1,2,60,0.01745,0.35,0.3,1.316,1E-6
05410_g2100cm6300,true,1,2,60,0.01745,0.35,0.3,1.316,1E-6
05410_g2100cm8800,true,1,2,60,0.0218,0.35,0.3,1.49333333333333,1E-6
05410_g2100cn2300,true,1,2,60,0.01745,0.35,0.3,1.316,1E-6
05410_g2100cn4000,true,1,2,60,0.02025,0.35,0.3,0.877,1E-6
05410_g2100cn4900,true,1,2,60,0.02025,0.35,0.3,0.877,1E-6
05410_g2100cn5000,true,1,2,60,0.0218,0.35,0.3,1.49333333333333,1E-6
05410_g2100cn9200,true,1,2,60,0.02025,0.35,0.3,0.877,1E-6
05410_g2100co8200,true,1,2,60,0.02025,0.35,0.3,0.877,1E-6
05410_g2100dg1300,true,1,2,60,0.02025,0.35,0.3,0.877,1E-6
05410_g2100dg3700,true,1,2,60,0.0329,0.35,0.3,1.3575,1E-6
05410_g2100dg6300,true,1,2,60,0.02025,0.35,0.3,0.877,1E-6
05410_g2100dh7600,true,1,2,60,0.0218,0.35,0.3,1.49333333333333,1E-6
05410_g2100dh9500,true,1,2,60,0.01965,0.35,0.3,1.134,1E-6
05410_g2100dj0100,true,1,2,60,0.02025,0.35,0.3,0.877,1E-6
05410_g2100dj0500,true,1,2,60,0.026575,0.35,0.3,1.11725,1E-6
05410_g2100dj7200,true,1,2,60,0.026575,0.35,0.3,1.11725,1E-6
05410_g2100dj8700,true,1,2,60,0.0329,0.35,0.3,1.3575,1E-6
05410_g2100dk1500,true,1,2,60,0.02025,0.35,0.3,0.877,1E-6
05410_g2100dl2300,true,1,2,60,0.02025,0.35,0.3,0.877,1E-6
05410_g2100dl5900,true,1,2,60,0.01745,0.35,0.3,1.316,1E-6
05410_g2100dl9300,true,1,2,60,0.02025,0.35,0.3,0.877,1E-6
05410_g2100dl9400,true,1,2,60,0.0218,0.35,0.3,1.49333333333333,1E-6
05410_g2100dl9600,true,1,2,60,0.0329,0.35,0.3,1.3575,1E-6
05410_g2100dl9800,true,1,2,60,0.0193,0.35,0.3,1.0715,1E-6
05410_g2100dm2900,true,1,2,60,0.02025,0.35,0.3,0.877,1E-6
05410_g2100dm3200,true,1,2,60,0.0218,0.35,0.3,1.49333333333333,1E-6
05410_g2100dm6300,true,1,2,60,0.0329,0.35,0.3,1.3575,1E-6
05410_g2100dn3000,true,1,2,60,0.02025,0.35,0.3,0.877,1E-6
05410_g2100dn4800,true,1,2,60,0.03,0.35,0.3,0.465,1E-6
05410_g2100do7000,true,1,2,60,0.02355,0.35,0.3,0.833532934131737,1E-6
05410_g2100ee8600,true,1,2,60,0.01835,0.35,0.3,1.266,1E-6
05410_g2100ef2800,true,3,4,60,0.029,0.35,0.3,0.915666666666667,1E-6
05410_g2100eg8500,true,1,2,60,0.02025,0.35,0.3,0.877,1E-6
05410_g2100eg8700,true,3,4,60,0.029,0.35,0.3,0.915666666666667,1E-6
05410_g2100eg9700,true,3,4,60,0.029,0.35,0.3,0.915666666666667,1E-6
05410_g2100eh3200,true,1,2,60,0.01965,0.35,0.3,1.134,1E-6
05410_g2100eh3700,true,1,2,60,0.0329,0.35,0.3,1.3575,1E-6
05410_g2100ei7200,true,1,2,60,0.0193,0.35,0.3,1.0715,1E-6
05410_g2100ej5700,true,1,2,60,0.0329,0.35,0.3,1.3575,1E-6
05410_g2100ek1100,true,1,2,60,0.0329,0.35,0.3,1.3575,1E-6
05410_g2100ek2800,true,1,2,60,0.02025,0.35,0.3,0.877,1E-6
05410_g2100ek7600,true,1,2,60,0.02025,0.35,0.3,0.877,1E-6
05410_g2100ek8800,true,1,2,60,0.026575,0.35,0.3,1.11725,1E-6
05410_g2100em1500,true,1,2,60,0.0329,0.35,0.3,1.3575,1E-6
05410_g2100em2500,true,1,2,60,0.0329,0.35,0.3,1.3575,1E-6
05410_g2100em6500,true,1,2,60,0.0329,0.35,0.3,1.3575,1E-6
05410_g2100en2200,true,1,2,60,0.02025,0.35,0.3,0.877,1E-6
05410_g2100en7100,true,1,2,60,0.02025,0.35,0.3,0.877,1E-6
05410_g2100en8600,true,1,2,60,0.0329,0.35,0.3,1.3575,1E-6
05410_g2100eo1300,true,1,2,60,0.0329,0.35,0.3,1.3575,1E-6
05410_g2100eo2100,true,1,2,60,0.0329,0.35,0.3,1.3575,1E-6
05410_g2100fe2600,true,3,4,60,0.03505,0.35,0.3,0.818166666666667,1E-6
05410_g2100fe5400,true,3,4,60,0.029,0.35,0.3,0.915666666666667,1E-6
05410_g2100ff2000,true,3,4,60,0.029,0.35,0.3,0.915666666666667,1E-6
05410_g2100ff6200,true,3,4,60,0.03505,0.35,0.3,0.818166666666667,1E-6
05410_g2100fg0000,true,3,4,60,0.03505,0.35,0.3,0.818166666666667,1E-6
05410_g2100fg1700,true,3,4,60,0.03505,0.35,0.3,0.818166666666667,1E-6
05410_g2100fh2300,true,1,2,60,0.0218,0.35,0.3,1.49333333333333,1E-6
05410_g2100fh3200,true,3,4,60,0.03505,0.35,0.3,0.818166666666667,1E-6
05410_g2100fi2200,true,1,2,60,0.02025,0.35,0.3,0.877,1E-6
05410_g2100fi8100,true,3,4,60,0.03505,0.35,0.3,0.818166666666667,1E-6
05410_g2100fj2800,true,1,2,60,0.02025,0.35,0.3,0.877,1E-6
05410_g2100fj3800,true,3,4,60,0.03675,0.35,0.3,0.7732,1E-6
05410_g2100fj4400,true,3,4,60,0.029,0.35,0.3,0.915666666666667,1E-6
05410_g2100fk5800,true,1,2,60,0.026575,0.35,0.3,1.11725,1E-6
05410_g2100fk6600,true,1,2,60,0.0218,0.35,0.3,1.49333333333333,1E-6
05410_g2100fk9800,true,1,2,60,0.02355,0.35,0.3,0.833532934131737,1E-6
05410_g2100fl0800,true,1,2,60,0.0329,0.35,0.3,1.3575,1E-6
05410_g2100fl1200,true,3,4,60,0.029,0.35,0.3,0.915666666666667,1E-6
05410_g2100fl3500,true,1,2,60,0.01965,0.35,0.3,1.134,1E-6
05410_g2100fl6300,true,1,2,60,0.01575,0.35,0.3,1.4,1E-6
05410_g2100fm1500,true,1,2,60,0.0218,0.35,0.3,1.49333333333333,1E-6
05410_g2100fn7600,true,3,4,60,0.03675,0.35,0.3,0.7732,1E-6
05410_g2100fo1600,true,1,2,60,0.0329,0.35,0.3,1.3575,1E-6
05410_g2100fo1700,true,1,2,60,0.0329,0.35,0.3,1.3575,1E-6
05410_g2100fo3000,true,3,4,60,0.01965,0.35,0.3,1.134,1E-6
05410_g2100fo5600,true,3,4,60,0.01965,0.35,0.3,1.134,1E-6
05410_g2100gf1700,true,3,4,60,0.03505,0.35,0.3,0.818166666666667,1E-6
05410_g2100gf5300,true,3,4,60,0.01965,0.35,0.3,1.134,1E-6
05410_g2100gf8600,true,3,4,60,0.01745,0.35,0.3,1.316,1E-6
05410_g2100gf8700,true,1,2,60,0.01745,0.35,0.3,1.316,1E-6
05410_g2100gf9000,true,1,2,60,0.0218,0.35,0.3,1.49333333333333,1E-6
05410_g2100gg7300,true,1,2,60,0.0218,0.35,0.3,1.49333333333333,1E-6
05410_g2100gg8400,true,1,2,60,0.01745,0.35,0.3,1.316,1E-6
05410_g2100gh2300,true,1,2,60,0.0218,0.35,0.3,1.49333333333333,1E-6
05410_g2100gi2700,true,1,2,60,0.01745,0.35,0.3,1.316,1E-6
05410_g2100gi5400,true,3,4,60,0.029,0.35,0.3,0.915666666666667,1E-6
05410_g2100gj1600,true,1,2,60,0.0329,0.35,0.3,1.3575,1E-6
05410_g2100gj2300,true,3,4,60,0.03505,0.35,0.3,0.818166666666667,1E-6
05410_g2100gj2600,true,3,4,60,0.029,0.35,0.3,0.915666666666667,1E-6
05410_g2100gj8900,true,1,2,60,0.01965,0.35,0.3,1.134,1E-6
05410_g2100gj9100,true,3,4,60,0.029,0.35,0.3,0.915666666666667,1E-6
05410_g2100gj9500,true,3,4,60,0.03675,0.35,0.3,0.7732,1E-6
05410_g2100gk5700,true,3,4,60,0.01745,0.35,0.3,1.316,1E-6
05410_g2100gk6700,true,3,4,60,0.01965,0.35,0.3,1.134,1E-6
05410_g2100gk8000,true,1,2,60,0.01965,0.35,0.3,1.134,1E-6
05410_g2100gk8200,true,3,4,60,0.01965,0.35,0.3,1.134,1E-6
05410_g2100gl2400,true,3,4,60,0.029,0.35,0.3,0.915666666666667,1E-6
05410_g2100gm1700,true,3,4,60,0.029,0.35,0.3,0.915666666666667,1E-6
05410_g2100gm5300,true,3,4,60,0.029,0.35,0.3,0.915666666666667,1E-6
05410_g2100gm6700,true,3,4,60,0.03505,0.35,0.3,0.818166666666667,1E-6
05410_g2100gm9700,true,1,2,60,0.03,0.35,0.3,0.465,1E-6
05410_g2100gn0400,true,1,2,60,0.02355,0.35,0.3,0.833532934131737,1E-6
05410_g2100gn1400,true,1,2,60,0.0329,0.35,0.3,1.3575,1E-6
05410_g2100gn2400,true,1,2,60,0.02355,0.35,0.3,0.833532934131737,1E-6
05410_g2100gn4300,true,1,2,60,0.0329,0.35,0.3,1.3575,1E-6
05410_g2100gn4600,true,1,2,60,0.0329,0.35,0.3,1.3575,1E-6
05410_g2100gn7300,true,1,2,60,0.02025,0.35,0.3,0.877,1E-6
05410_g2100gn7600,true,1,2,60,0.02025,0.35,0.3,0.877,1E-6
05410_g2100gn8800,true,1,2,60,0.02025,0.35,0.3,0.877,1E-6
05410_g2100go2400,true,1,2,60,0.0329,0.35,0.3,1.3575,1E-6
05410_g2100go3300,true,1,2,60,0.0329,0.35,0.3,1.3575,1E-6
05410_g2100go5000,true,3,4,60,0.029,0.35,0.3,0.915666666666667,1E-6
05410_g2100go6100,true,1,2,60,0.0329,0.35,0.3,1.3575,1E-6
05410_g2100go7200,true,3,4,60,0.0527,0.35,0.3,0.706,1E-6
05410_g2100gp1100,true,1,2,60,0.0329,0.35,0.3,1.3575,1E-6
05410_g2100gp2100,true,3,4,60,0.01965,0.35,0.3,1.134,1E-6
05410_g2100he0400,true,3,4,60,0.029,0.35,0.3,0.915666666666667,1E-6
05410_g2100he1900,true,3,4,60,0.03505,0.35,0.3,0.818166666666667,1E-6
05410_g2100he3000,true,3,4,60,0.01745,0.35,0.3,1.316,1E-6
05410_g2100he5100,true,1,2,60,0.01745,0.35,0.3,1.316,1E-6
05410_g2100hg2500,true,3,4,60,0.029,0.35,0.3,0.915666666666667,1E-6
05410_g2100hg2900,true,3,4,60,0.03675,0.35,0.3,0.7732,1E-6
05410_g2100hg5500,true,3,4,60,0.03675,0.35,0.3,0.7732,1E-6
05410_g2100hi8200,true,3,4,60,0.03505,0.35,0.3,0.818166666666667,1E-6
05410_g2100hm3200,true,1,2,60,0.0329,0.35,0.3,1.3575,1E-6
05410_g2100hm9900,true,1,2,60,0.03,0.35,0.3,0.465,1E-6
05410_g2100hn2600,true,3,4,60,0.0527,0.35,0.3,0.706,1E-6
05410_g2100hn2900,true,3,4,60,0.029,0.35,0.3,0.915666666666667,1E-6
05410_g2100hn4000,true,3,4,60,0.03675,0.35,0.3,0.7732,1E-6
05410_g2100hn5600,true,1,2,60,0.02355,0.35,0.3,0.833532934131737,1E-6
05410_g2100hn8900,true,3,4,60,0.029,0.35,0.3,0.915666666666667,1E-6
05410_g2100ho5800,true,3,4,60,0.029,0.35,0.3,0.915666666666667,1E-6
05410_g2100ho7800,true,3,4,60,0.029,0.35,0.3,0.915666666666667,1E-6
05410_g2100ik6900,true,3,4,60,0.03505,0.35,0.3,0.818166666666667,1E-6
05410_g2100il1000,true,1,2,60,0.02355,0.35,0.3,0.833532934131737,1E-6
05410_g2100il4000,true,3,4,60,0.03675,0.35,0.3,0.7732,1E-6
05410_g2100im6700,true,1,2,60,0.02355,0.35,0.3,0.833532934131737,1E-6
05410_g2100in2700,true,1,2,60,0.02355,0.35,0.3,0.833532934131737,1E-6
05410_g2100in7700,true,1,2,60,0.02355,0.35,0.3,0.833532934131737,1E-6
05410_g2100ji1800,true,1,2,60,0.01835,0.35,0.3,1.266,1E-6
05410_g2100jj1000,true,3,4,60,0.029,0.35,0.3,0.915666666666667,1E-6
05410_g2100jl9000,true,3,4,60,0.0527,0.35,0.3,0.706,1E-6
05410_g2100jo5900,true,1,2,60,0.01965,0.35,0.3,1.134,1E-6
05410_g2100jp2000,true,3,4,60,0.01745,0.35,0.3,1.316,1E-6
05410_g2100jp3100,true,1,2,60,0.01745,0.35,0.3,1.316,1E-6
05410_g2100ko2700,true,3,4,60,0.01965,0.35,0.3,1.134,1E-6
05410_g2100ko6600,true,3,4,60,0.01745,0.35,0.3,1.316,1E-6
05410_g2100ko9900,true,1,2,60,0.02355,0.35,0.3,0.833532934131737,1E-6
05410_g2100mk7800,true,1,2,60,0.01575,0.35,0.3,1.4,1E-6
05410_g2100ml7400,true,1,2,60,0.0218,0.35,0.3,1.49333333333333,1E-6
05410_g2100mn1400,true,1,2,60,0.01575,0.35,0.3,1.4,1E-6
05410_g2100mn4700,true,1,2,60,0.01965,0.35,0.3,1.134,1E-6
05410_g2100mn9200,true,1,2,60,0.01575,0.35,0.3,1.4,1E-6
05410_g2100mo0000,true,1,2,60,0.01965,0.35,0.3,1.134,1E-6
05410_g2100ni4800,true,3,4,60,0.0546,0.35,0.3,0.6745,1E-6
05410_g2100nj7400,true,1,2,60,0.01835,0.35,0.3,1.266,1E-6
05410_g2100nj8400,true,3,4,60,0.03505,0.35,0.3,0.818166666666667,1E-6
05410_g2100nj9400,true,3,4,60,0.05415,0.35,0.3,0.7599,1E-6
05410_g2100nk6800,true,1,2,60,0.01745,0.35,0.3,1.316,1E-6
05410_g2100nk9200,true,3,4,60,0.01745,0.35,0.3,1.316,1E-6
05410_g2100nl3900,true,1,2,60,0.01745,0.35,0.3,1.316,1E-6
05410_g2100nl6900,true,1,2,60,0.0329,0.35,0.3,1.3575,1E-6
05410_g2100nm4100,true,1,2,60,0.0329,0.35,0.3,1.3575,1E-6
05410_g2100nm6600,true,1,2,60,0.0329,0.35,0.3,1.3575,1E-6
05410_g2100nm7500,true,1,2,60,0.0329,0.35,0.3,1.3575,1E-6
05410_g2100nn4200,true,1,2,60,0.01965,0.35,0.3,1.134,1E-6
05410_g2100oj3400,true,1,2,60,0.02025,0.35,0.3,0.877,1E-6
05410_g2100oj3600,true,1,2,60,0.02025,0.35,0.3,0.877,1E-6
05410_g2100ok3900,true,1,2,60,0.02025,0.35,0.3,0.877,1E-6
05410_g2100om0900,true,1,2,60,0.0329,0.35,0.3,1.3575,1E-6
05410_g2100om2900,true,1,2,60,0.0329,0.35,0.3,1.3575,1E-6
05410_g2100on6900,true,1,2,60,0.0329,0.35,0.3,1.3575,1E-6
05410_g2100on7300,true,1,2,60,0.0329,0.35,0.3,1.3575,1E-6
05410_g2100on7400,true,1,2,60,0.0329,0.35,0.3,1.3575,1E-6
05410_g2100oo0200,true,1,2,60,0.0329,0.35,0.3,1.3575,1E-6
05410_g2100oo7600,true,1,2,60,0.0329,0.35,0.3,1.3575,1E-6
05410_g2100pa2100,true,1,2,60,0.02025,0.35,0.3,0.877,1E-6
05410_g2100pm3800,true,1,2,60,0.01745,0.35,0.3,1.316,1E-6
05410_g2100pn0800,true,1,2,60,0.0329,0.35,0.3,1.3575,1E-6
05410_g2100pn4000,true,1,2,60,0.0193,0.35,0.3,1.0715,1E-6
05410_g2100pn6500,true,1,2,60,0.0193,0.35,0.3,1.0715,1E-6
05410_g2100po1400,true,1,2,60,0.02025,0.35,0.3,0.877,1E-6
05410_g2100po8100,true,1,2,60,0.0193,0.35,0.3,1.0715,1E-6
05410_g2100qm2700,true,1,2,60,0.0329,0.35,0.3,1.3575,1E-6
05410_g2100qm7300,true,1,2,60,0.0329,0.35,0.3,1.3575,1E-6
05410_g2100qm7500,true,1,2,60,0.0329,0.35,0.3,1.3575,1E-6
05410_g2100qn1500,true,1,2,60,0.026575,0.35,0.3,1.11725,1E-6
05410_g2100qo0700,true,1,2,60,0.02025,0.35,0.3,0.877,1E-6
05410_g2100qo6100,true,1,2,60,0.0329,0.35,0.3,1.3575,1E-6
05410_g2100qo8900,true,1,2,60,0.0329,0.35,0.3,1.3575,1E-6
05410_g2100qp2300,true,1,2,60,0.0329,0.35,0.3,1.3575,1E-6
05410_g2100qp9600,true,1,2,60,0.0329,0.35,0.3,1.3575,1E-6
05410_g2100rl8500,true,1,2,60,0.01745,0.35,0.3,1.316,1E-6
05410_g2100rm5200,true,1,2,60,0.0329,0.35,0.3,1.3575,1E-6
05410_g2100rn0300,true,1,2,60,0.026575,0.35,0.3,1.11725,1E-6
05410_g2100rn1800,true,1,2,60,0.026575,0.35,0.3,1.11725,1E-6
05410_g2100rn2900,true,1,2,60,0.01745,0.35,0.3,1.316,1E-6
05410_g2100rn7000,true,1,2,60,0.0329,0.35,0.3,1.3575,1E-6
05410_g2100rn9500,true,1,2,60,0.0329,0.35,0.3,1.3575,1E-6
05410_g2100ro0400,true,1,2,60,0.026575,0.35,0.3,1.11725,1E-6
05410_g2100ro6900,true,1,2,60,0.026575,0.35,0.3,1.11725,1E-6
05410_g2100ro8000,true,1,2,60,0.026575,0.35,0.3,1.11725,1E-6
05410_g2100sl6900,true,1,2,60,0.0193,0.35,0.3,1.0715,1E-6
05410_g2100sm1100,true,1,2,60,0.01745,0.35,0.3,1.316,1E-6
05410_g2100sm8900,true,1,2,60,0.026575,0.35,0.3,1.11725,1E-6
05410_g2100sn7200,true,3,4,60,0.0527,0.35,0.3,0.706,1E-6
05410_g2100so3700,true,1,2,60,0.026575,0.35,0.3,1.11725,1E-6
05410_g2100sp2100,true,1,2,60,0.0329,0.35,0.3,1.3575,1E-6
05410_g2100tm2800,true,1,2,60,0.02355,0.35,0.3,0.833532934131737,1E-6
05410_g2100tm3900,true,3,4,60,0.03675,0.35,0.3,0.7732,1E-6
05410_g2100to1000,true,1,2,60,0.0329,0.35,0.3,1.3575,1E-6
05410_g2100to3200,true,3,4,60,0.03675,0.35,0.3,0.7732,1E-6
05410_g2101ab4600,true,1,2,60,0.02025,0.35,0.3,0.877,1E-6
05410_g2101ac1300,true,1,2,60,0.0329,0.35,0.3,1.3575,1E-6
05410_g2101ac2700,true,1,2,60,0.02025,0.35,0.3,0.877,1E-6
05410_g2101ac8300,true,1,2,60,0.02025,0.35,0.3,0.877,1E-6
05410_g2101ac8800,true,1,2,60,0.02025,0.35,0.3,0.877,1E-6
05410_g2101ac9800,true,1,2,60,0.02025,0.35,0.3,0.877,1E-6
05410_g2101ae2300,true,1,2,60,0.02025,0.35,0.3,0.877,1E-6
05410_g2101ae2700,true,1,2,60,0.01835,0.35,0.3,1.266,1E-6
05410_g2101ae2800,true,1,2,60,0.01965,0.35,0.3,1.134,1E-6
05410_g2101af2800,true,1,2,60,0.0218,0.35,0.3,1.49333333333333,1E-6
05410_g2101ag2000,true,1,2,60,0.01745,0.35,0.3,1.316,1E-6
05410_g2101ag2300,true,1,2,60,0.01745,0.35,0.3,1.316,1E-6
05410_g2101ah3200,true,1,2,60,0.01745,0.35,0.3,1.316,1E-6
05410_g2101ah4300,true,1,2,60,0.01965,0.35,0.3,1.134,1E-6
05410_g2101ah5300,true,1,2,60,0.01965,0.35,0.3,1.134,1E-6
05410_g2101ai2000,true,1,2,60,0.01745,0.35,0.3,1.316,1E-6
05410_g2101ai5400,true,1,2,60,0.01745,0.35,0.3,1.316,1E-6
05410_g2101aj7700,true,1,2,60,0.02025,0.35,0.3,0.877,1E-6
05410_g2101ak7700,true,1,2,60,0.02025,0.35,0.3,0.877,1E-6
05410_g2101al8800,true,1,2,60,0.02025,0.35,0.3,0.877,1E-6
05410_g2101ba6700,true,1,2,60,0.02025,0.35,0.3,0.877,1E-6
05410_g2101bb3500,true,1,2,60,0.02025,0.35,0.3,0.877,1E-6
05410_g2101bc6900,true,1,2,60,0.02025,0.35,0.3,0.877,1E-6
05410_g2101bc7200,true,1,2,60,0.02025,0.35,0.3,0.877,1E-6
05410_g2101bc8800,true,1,2,60,0.02025,0.35,0.3,0.877,1E-6
05410_g2101bd1200,true,1,2,60,0.02025,0.35,0.3,0.877,1E-6
05410_g2101bd4700,true,1,2,60,0.01745,0.35,0.3,1.316,1E-6
05410_g2101bd7000,true,1,2,60,0.02025,0.35,0.3,0.877,1E-6
05410_g2101be0100,true,1,2,60,0.01745,0.35,0.3,1.316,1E-6
05410_g2101bg0000,true,1,2,60,0.01575,0.35,0.3,1.4,1E-6
05410_g2101bg6300,true,1,2,60,0.01745,0.35,0.3,1.316,1E-6
05410_g2101bg6500,true,1,2,60,0.01745,0.35,0.3,1.316,1E-6
05410_g2101bg9000,true,1,2,60,0.01575,0.35,0.3,1.4,1E-6
05410_g2101bh1300,true,1,2,60,0.02025,0.35,0.3,0.877,1E-6
05410_g2101bi4200,true,1,2,60,0.02025,0.35,0.3,0.877,1E-6
05410_g2101bj2000,true,1,2,60,0.01835,0.35,0.3,1.266,1E-6
05410_g2101bk9800,true,1,2,60,0.02025,0.35,0.3,0.877,1E-6
05410_g2101bl8500,true,1,2,60,0.02025,0.35,0.3,0.877,1E-6
05410_g2101bm0000,true,1,2,60,0.01965,0.35,0.3,1.134,1E-6
05410_g2101bm2600,true,1,2,60,0.01965,0.35,0.3,1.134,1E-6
05410_g2101bm6500,true,1,2,60,0.02025,0.35,0.3,0.877,1E-6
05410_g2101bm6600,true,1,2,60,0.01965,0.35,0.3,1.134,1E-6
05410_g2101bn4800,true,1,2,60,0.02025,0.35,0.3,0.877,1E-6
05410_g2101ca2900,true,1,2,60,0.01835,0.35,0.3,1.266,1E-6
05410_g2101cb3400,true,1,2,60,0.02025,0.35,0.3,0.877,1E-6
05410_g2101cb7700,true,1,2,60,0.02025,0.35,0.3,0.877,1E-6
05410_g2101cc0600,true,1,2,60,0.02025,0.35,0.3,0.877,1E-6
05410_g2101cc3700,true,1,2,60,0.01835,0.35,0.3,1.266,1E-6
05410_g2101cc5900,true,1,2,60,0.01745,0.35,0.3,1.316,1E-6
05410_g2101cd3700,true,1,2,60,0.02025,0.35,0.3,0.877,1E-6
05410_g2101cf1100,true,1,2,60,0.02025,0.35,0.3,0.877,1E-6
05410_g2101cg5400,true,1,2,60,0.01835,0.35,0.3,1.266,1E-6
05410_g2101ch1300,true,1,2,60,0.02025,0.35,0.3,0.877,1E-6
05410_g2101ci0100,true,1,2,60,0.02025,0.35,0.3,0.877,1E-6
05410_g2101ci1000,true,1,2,60,0.02025,0.35,0.3,0.877,1E-6
05410_g2101ci7200,true,1,2,60,0.02025,0.35,0.3,0.877,1E-6
05410_g2101cj2700,true,1,2,60,0.02025,0.35,0.3,0.877,1E-6
05410_g2101cj4100,true,1,2,60,0.01835,0.35,0.3,1.266,1E-6
05410_g2101cj7200,true,1,2,60,0.02025,0.35,0.3,0.877,1E-6
05410_g2101cl1300,true,1,2,60,0.02025,0.35,0.3,0.877,1E-6
05410_g2101cl5700,true,1,2,60,0.01835,0.35,0.3,1.266,1E-6
05410_g2101cm7500,true,1,2,60,0.01835,0.35,0.3,1.266,1E-6
05410_g2101cn2400,true,1,2,60,0.02025,0.35,0.3,0.877,1E-6
05410_g2101cn3100,true,1,2,60,0.01835,0.35,0.3,1.266,1E-6
05410_g2101co1900,true,1,2,60,0.0218,0.35,0.3,1.49333333333333,1E-6
05410_g2101da7200,true,3,4,60,0.029,0.35,0.3,0.915666666666667,1E-6
05410_g2101db2500,true,1,2,60,0.02025,0.35,0.3,0.877,1E-6
05410_g2101db9200,true,1,2,60,0.01835,0.35,0.3,1.266,1E-6
05410_g2101dc0100,true,1,2,60,0.02025,0.35,0.3,0.877,1E-6
05410_g2101dc3900,true,1,2,60,0.0329,0.35,0.3,1.3575,1E-6
05410_g2101dd1900,true,1,2,60,0.01745,0.35,0.3,1.316,1E-6
05410_g2101dd6700,true,1,2,60,0.01745,0.35,0.3,1.316,1E-6
05410_g2101dd6900,true,1,2,60,0.0329,0.35,0.3,1.3575,1E-6
05410_g2101de3600,true,1,2,60,0.02025,0.35,0.3,0.877,1E-6
05410_g2101df4700,true,1,2,60,0.01835,0.35,0.3,1.266,1E-6
05410_g2101dg1700,true,1,2,60,0.01835,0.35,0.3,1.266,1E-6
05410_g2101dg9100,true,1,2,60,0.02025,0.35,0.3,0.877,1E-6
05410_g2101dh1100,true,1,2,60,0.02025,0.35,0.3,0.877,1E-6
05410_g2101di0000,true,1,2,60,0.02025,0.35,0.3,0.877,1E-6
05410_g2101dl3400,true,1,2,60,0.02025,0.35,0.3,0.877,1E-6
05410_g2101dm2100,true,1,2,60,0.02025,0.35,0.3,0.877,1E-6
05410_g2101do1900,true,1,2,60,0.02025,0.35,0.3,0.877,1E-6
05410_g2101do4400,true,1,2,60,0.02025,0.35,0.3,0.877,1E-6
05410_g2101ea3600,true,3,4,60,0.03675,0.35,0.3,0.7732,1E-6
05410_g2101eb5200,true,1,2,60,0.02025,0.35,0.3,0.877,1E-6
05410_g2101ec1500,true,1,2,60,0.02025,0.35,0.3,0.877,1E-6
05410_g2101ec2600,true,1,2,60,0.01965,0.35,0.3,1.134,1E-6
05410_g2101ec4900,true,1,2,60,0.01965,0.35,0.3,1.134,1E-6
05410_g2101ec8400,true,1,2,60,0.02025,0.35,0.3,0.877,1E-6
05410_g2101ed9500,true,1,2,60,0.0329,0.35,0.3,1.3575,1E-6
05410_g2101ed9700,true,1,2,60,0.0329,0.35,0.3,1.3575,1E-6
05410_g2101ee3400,true,1,2,60,0.02025,0.35,0.3,0.877,1E-6
05410_g2101eg5500,true,1,2,60,0.0329,0.35,0.3,1.3575,1E-6
05410_g2101eg7000,true,1,2,60,0.02025,0.35,0.3,0.877,1E-6
05410_g2101eh3000,true,1,2,60,0.02025,0.35,0.3,0.877,1E-6
05410_g2101eh8800,true,1,2,60,0.02025,0.35,0.3,0.877,1E-6
05410_g2101ek5100,true,1,2,60,0.02025,0.35,0.3,0.877,1E-6
05410_g2101ek5700,true,1,2,60,0.02025,0.35,0.3,0.877,1E-6
05410_g2101el2800,true,1,2,60,0.02025,0.35,0.3,0.877,1E-6
05410_g2101el5600,true,1,2,60,0.02025,0.35,0.3,0.877,1E-6
05410_g2101em0500,true,1,2,60,0.02025,0.35,0.3,0.877,1E-6
05410_g2101em2300,true,1,2,60,0.01835,0.35,0.3,1.266,1E-6
05410_g2101em5500,true,1,2,60,0.02025,0.35,0.3,0.877,1E-6
05410_g2101em6600,true,1,2,60,0.02025,0.35,0.3,0.877,1E-6
05410_g2101en1400,true,1,2,60,0.02025,0.35,0.3,0.877,1E-6
05410_g2101en3000,true,1,2,60,0.02025,0.35,0.3,0.877,1E-6
05410_g2101en6500,true,1,2,60,0.02025,0.35,0.3,0.877,1E-6
05410_g2101eo2200,true,1,2,60,0.02025,0.35,0.3,0.877,1E-6
05410_g2101eo8900,true,1,2,60,0.02025,0.35,0.3,0.877,1E-6
05410_g2101fb7500,true,3,4,60,0.01965,0.35,0.3,1.134,1E-6
05410_g2101fc3500,true,1,2,60,0.0329,0.35,0.3,1.3575,1E-6
05410_g2101fc8400,true,1,2,60,0.02355,0.35,0.3,0.833532934131737,1E-6
05410_g2101fc9500,true,1,2,60,0.02355,0.35,0.3,0.833532934131737,1E-6
05410_g2101fd9100,true,1,2,60,0.02355,0.35,0.3,0.833532934131737,1E-6
05410_g2101fe1400,true,1,2,60,0.02025,0.35,0.3,0.877,1E-6
05410_g2101fe5900,true,1,2,60,0.01835,0.35,0.3,1.266,1E-6
05410_g2101fe9500,true,3,4,60,0.029,0.35,0.3,0.915666666666667,1E-6
05410_g2101ff6700,true,1,2,60,0.02025,0.35,0.3,0.877,1E-6
05410_g2101fg5400,true,1,2,60,0.02025,0.35,0.3,0.877,1E-6
05410_g2101fh1100,true,1,2,60,0.02025,0.35,0.3,0.877,1E-6
05410_g2101fh6200,true,1,2,60,0.02025,0.35,0.3,0.877,1E-6
05410_g2101fj5700,true,1,2,60,0.0329,0.35,0.3,1.3575,1E-6
05410_g2101fj6800,true,1,2,60,0.02025,0.35,0.3,0.877,1E-6
05410_g2101fk7100,true,1,2,60,0.02025,0.35,0.3,0.877,1E-6
05410_g2101fk7600,true,1,2,60,0.0329,0.35,0.3,1.3575,1E-6
05410_g2101fl7200,true,1,2,60,0.02025,0.35,0.3,0.877,1E-6
05410_g2101fl7900,true,1,2,60,0.02025,0.35,0.3,0.877,1E-6
05410_g2101fm7500,true,1,2,60,0.02025,0.35,0.3,0.877,1E-6
05410_g2101fo2000,true,1,2,60,0.02025,0.35,0.3,0.877,1E-6
05410_g2101fo4700,true,1,2,60,0.02025,0.35,0.3,0.877,1E-6
05410_g2101ga2000,true,3,4,60,0.01965,0.35,0.3,1.134,1E-6
05410_g2101ga5600,true,3,4,60,0.03505,0.35,0.3,0.818166666666667,1E-6
05410_g2101ga6800,true,3,4,60,0.029,0.35,0.3,0.915666666666667,1E-6
05410_g2101gb2100,true,1,2,60,0.0218,0.35,0.3,1.49333333333333,1E-6
05410_g2101gb6200,true,3,4,60,0.01575,0.35,0.3,1.4,1E-6
05410_g2101gb6700,true,1,2,60,0.02025,0.35,0.3,0.877,1E-6
05410_g2101gc3200,true,1,2,60,0.02355,0.35,0.3,0.833532934131737,1E-6
05410_g2101gc3400,true,1,2,60,0.02355,0.35,0.3,0.833532934131737,1E-6
05410_g2101gc9100,true,1,2,60,0.02025,0.35,0.3,0.877,1E-6
05410_g2101gc9700,true,1,2,60,0.02025,0.35,0.3,0.877,1E-6
05410_g2101gd1300,true,1,2,60,0.02355,0.35,0.3,0.833532934131737,1E-6
05410_g2101gd5100,true,1,2,60,0.02355,0.35,0.3,0.833532934131737,1E-6
05410_g2101gd6200,true,1,2,60,0.02355,0.35,0.3,0.833532934131737,1E-6
05410_g2101gd9500,true,1,2,60,0.0329,0.35,0.3,1.3575,1E-6
05410_g2101ge2800,true,3,4,60,0.029,0.35,0.3,0.915666666666667,1E-6
05410_g2101ge7600,true,3,4,60,0.05415,0.35,0.3,0.7599,1E-6
05410_g2101ge9900,true,3,4,60,0.03675,0.35,0.3,0.7732,1E-6
05410_g2101gg9700,true,1,2,60,0.02025,0.35,0.3,0.877,1E-6
05410_g2101gh4400,true,3,4,60,0.0527,0.35,0.3,0.706,1E-6
05410_g2101gh4500,true,1,2,60,0.0329,0.35,0.3,1.3575,1E-6
05410_g2101gh5200,true,3,4,60,0.03505,0.35,0.3,0.818166666666667,1E-6
05410_g2101gj5200,true,1,2,60,0.02025,0.35,0.3,0.877,1E-6
05410_g2101gj7800,true,1,2,60,0.0329,0.35,0.3,1.3575,1E-6
05410_g2101gk7600,true,1,2,60,0.0329,0.35,0.3,1.3575,1E-6
05410_g2101gl8800,true,1,2,60,0.02025,0.35,0.3,0.877,1E-6
05410_g2101gm2300,true,1,2,60,0.02025,0.35,0.3,0.877,1E-6
05410_g2101gm5200,true,1,2,60,0.02025,0.35,0.3,0.877,1E-6
05410_g2101gm6600,true,1,2,60,0.02025,0.35,0.3,0.877,1E-6
05410_g2101gm6800,true,3,4,60,0.029,0.35,0.3,0.915666666666667,1E-6
05410_g2101gm7400,true,1,2,60,0.02025,0.35,0.3,0.877,1E-6
05410_g2101gm7700,true,1,2,60,0.02025,0.35,0.3,0.877,1E-6
05410_g2101gn0600,true,1,2,60,0.02025,0.35,0.3,0.877,1E-6
05410_g2101gn1100,true,1,2,60,0.02025,0.35,0.3,0.877,1E-6
05410_g2101gn5000,true,1,2,60,0.02025,0.35,0.3,0.877,1E-6
05410_g2101ha1300,true,3,4,60,0.029,0.35,0.3,0.915666666666667,1E-6
05410_g2101ha1800,true,1,2,60,0.01745,0.35,0.3,1.316,1E-6
05410_g2101ha2400,true,3,4,60,0.01745,0.35,0.3,1.316,1E-6
05410_g2101ha7500,true,1,2,60,0.01745,0.35,0.3,1.316,1E-6
05410_g2101hb3400,true,1,2,60,0.0218,0.35,0.3,1.49333333333333,1E-6
05410_g2101hb6800,true,1,2,60,0.02025,0.35,0.3,0.877,1E-6
05410_g2101hb7500,true,1,2,60,0.02025,0.35,0.3,0.877,1E-6
05410_g2101hb3500,true,1,2,60,0.0329,0.35,0.3,1.3575,1E-6
05410_g2101hb3800,true,1,2,60,0.0329,0.35,0.3,1.3575,1E-6
05410_g2101hc2500,true,1,2,60,0.02025,0.35,0.3,0.877,1E-6
05410_g2101hd1100,true,1,2,60,0.02355,0.35,0.3,0.833532934131737,1E-6
05410_g2101hd2500,true,1,2,60,0.0329,0.35,0.3,1.3575,1E-6
05410_g2101hd2900,true,1,2,60,0.0329,0.35,0.3,1.3575,1E-6
05410_g2101hd3500,true,1,2,60,0.0329,0.35,0.3,1.3575,1E-6
05410_g2101he9900,true,3,4,60,0.029,0.35,0.3,0.915666666666667,1E-6
05410_g2101hg3400,true,1,2,60,0.02355,0.35,0.3,0.833532934131737,1E-6
05410_g2101hi2400,true,1,2,60,0.02025,0.35,0.3,0.877,1E-6
05410_g2101hi9300,true,1,2,60,0.0329,0.35,0.3,1.3575,1E-6
05410_g2101hj1200,true,1,2,60,0.02025,0.35,0.3,0.877,1E-6
05410_g2101hj2800,true,1,2,60,0.02025,0.35,0.3,0.877,1E-6
05410_g2101hj5200,true,1,2,60,0.02025,0.35,0.3,0.877,1E-6
05410_g2101hj9800,true,1,2,60,0.02025,0.35,0.3,0.877,1E-6
05410_g2101hk4700,true,1,2,60,0.02025,0.35,0.3,0.877,1E-6
05410_g2101hk5000,true,1,2,60,0.02025,0.35,0.3,0.877,1E-6
05410_g2101hl1900,true,1,2,60,0.02025,0.35,0.3,0.877,1E-6
05410_g2101hl2300,true,1,2,60,0.02025,0.35,0.3,0.877,1E-6
05410_g2101hl5500,true,1,2,60,0.02025,0.35,0.3,0.877,1E-6
05410_g2101hl9000,true,1,2,60,0.02025,0.35,0.3,0.877,1E-6
05410_g2101hn5200,true,1,2,60,0.02025,0.35,0.3,0.877,1E-6
05410_g2101ia3300,true,3,4,60,0.01965,0.35,0.3,1.134,1E-6
05410_g2101ia8100,true,1,2,60,0.0218,0.35,0.3,1.49333333333333,1E-6
05410_g2101ii1800,true,1,2,60,0.01835,0.35,0.3,1.266,1E-6
05410_g2101ii8600,true,1,2,60,0.01835,0.35,0.3,1.266,1E-6
05410_g2101ij4900,true,1,2,60,0.02025,0.35,0.3,0.877,1E-6
05410_g2101ij8600,true,1,2,60,0.02025,0.35,0.3,0.877,1E-6
05410_g2101ik4600,true,1,2,60,0.02025,0.35,0.3,0.877,1E-6
05410_g2101ja6700,true,3,4,60,0.03505,0.35,0.3,0.818166666666667,1E-6
05410_g2101ja8400,true,1,2,60,0.02355,0.35,0.3,0.833532934131737,1E-6
05410_g2101je7500,true,1,2,60,0.02025,0.35,0.3,0.877,1E-6
05410_g2101jf1200,true,1,2,60,0.0329,0.35,0.3,1.3575,1E-6
05410_g2101jf1900,true,1,2,60,0.02025,0.35,0.3,0.877,1E-6
05410_g2101jf8800,true,1,2,60,0.02025,0.35,0.3,0.877,1E-6
05410_g2101jg1900,true,1,2,60,0.02025,0.35,0.3,0.877,1E-6
05410_g2101jg9800,true,1,2,60,0.02025,0.35,0.3,0.877,1E-6
05410_g2101jh1600,true,1,2,60,0.02025,0.35,0.3,0.877,1E-6
05410_g2101ji2900,true,1,2,60,0.02025,0.35,0.3,0.877,1E-6
05410_g2101jj0800,true,1,2,60,0.02025,0.35,0.3,0.877,1E-6
05410_g2101jj4900,true,1,2,60,0.02025,0.35,0.3,0.877,1E-6
05410_g2101jk1400,true,1,2,60,0.02025,0.35,0.3,0.877,1E-6
05410_g2101jn9300,true,1,2,60,0.02025,0.35,0.3,0.877,1E-6
05410_g2101ka0900,true,1,2,60,0.02355,0.35,0.3,0.833532934131737,1E-6
05410_g2101ka2300,true,1,2,60,0.02355,0.35,0.3,0.833532934131737,1E-6
05410_g2101ka3900,true,1,2,60,0.02355,0.35,0.3,0.833532934131737,1E-6
05410_g2101ka6200,true,1,2,60,0.02355,0.35,0.3,0.833532934131737,1E-6
05410_g2101ka6800,true,1,2,60,0.02355,0.35,0.3,0.833532934131737,1E-6
05410_g2101ka7500,true,1,2,60,0.02355,0.35,0.3,0.833532934131737,1E-6
05410_g2101ka8300,true,1,2,60,0.02355,0.35,0.3,0.833532934131737,1E-6
05410_g2101kb0200,true,1,2,60,0.01835,0.35,0.3,1.266,1E-6
05410_g2101kb6100,true,1,2,60,0.02355,0.35,0.3,0.833532934131737,1E-6
05410_g2101ke3900,true,1,2,60,0.02025,0.35,0.3,0.877,1E-6
05410_g2101kf1100,true,1,2,60,0.02025,0.35,0.3,0.877,1E-6
05410_g2101kn9300,true,1,2,60,0.01835,0.35,0.3,1.266,1E-6
05410_g2101ko9100,true,1,2,60,0.02025,0.35,0.3,0.877,1E-6
05410_g2101la3600,true,1,2,60,0.02355,0.35,0.3,0.833532934131737,1E-6
05410_g2101la6700,true,1,2,60,0.02355,0.35,0.3,0.833532934131737,1E-6
05410_g2101lb0200,true,1,2,60,0.02355,0.35,0.3,0.833532934131737,1E-6
05410_g2101lb3300,true,1,2,60,0.02355,0.35,0.3,0.833532934131737,1E-6
05410_g2101lb4400,true,1,2,60,0.02355,0.35,0.3,0.833532934131737,1E-6
05410_g2101lb6300,true,1,2,60,0.02355,0.35,0.3,0.833532934131737,1E-6
05410_g2101ln4600,true,1,2,60,0.02025,0.35,0.3,0.877,1E-6
05410_g2101oa1800,true,1,2,60,0.0329,0.35,0.3,1.3575,1E-6
05410_g2101oa2300,true,1,2,60,0.0329,0.35,0.3,1.3575,1E-6
05410_g2101oa5500,true,1,2,60,0.0329,0.35,0.3,1.3575,1E-6
05410_g2101oa5600,true,1,2,60,0.02025,0.35,0.3,0.877,1E-6
05410_g2101ob2900,true,1,2,60,0.0329,0.35,0.3,1.3575,1E-6
05410_g2101ob6500,true,1,2,60,0.02025,0.35,0.3,0.877,1E-6
05410_g2101ob6900,true,1,2,60,0.0329,0.35,0.3,1.3575,1E-6
05410_g2101oc6200,true,1,2,60,0.02025,0.35,0.3,0.877,1E-6
05410_g2101op2300,true,1,2,60,0.0193,0.35,0.3,1.0715,1E-6
05410_g2101pa3400,true,1,2,60,0.0329,0.35,0.3,1.3575,1E-6
05410_g2101pb2500,true,1,2,60,0.0329,0.35,0.3,1.3575,1E-6
05410_g2101pb3000,true,1,2,60,0.0329,0.35,0.3,1.3575,1E-6
05410_g2101pb5100,true,1,2,60,0.0329,0.35,0.3,1.3575,1E-6
05410_g2101pb7100,true,1,2,60,0.02025,0.35,0.3,0.877,1E-6
05410_g2101pb7500,true,1,2,60,0.0329,0.35,0.3,1.3575,1E-6
05410_g2101pc1800,true,1,2,60,0.02025,0.35,0.3,0.877,1E-6
05410_g2101pc3200,true,1,2,60,0.026575,0.35,0.3,1.11725,1E-6
05410_g2101pc7200,true,1,2,60,0.026575,0.35,0.3,1.11725,1E-6
05410_g2101pc8800,true,1,2,60,0.02025,0.35,0.3,0.877,1E-6
05410_g2101qa0800,true,1,2,60,0.02025,0.35,0.3,0.877,1E-6
05410_g2101qa2300,true,1,2,60,0.0329,0.35,0.3,1.3575,1E-6
05410_g2101qb0400,true,1,2,60,0.0329,0.35,0.3,1.3575,1E-6
05410_g2101qb2900,true,1,2,60,0.0329,0.35,0.3,1.3575,1E-6
05410_g2101qb4300,true,1,2,60,0.026575,0.35,0.3,1.11725,1E-6
05410_g2101qc1100,true,1,2,60,0.02025,0.35,0.3,0.877,1E-6
05410_g2101qc3700,true,1,2,60,0.02025,0.35,0.3,0.877,1E-6
05410_g2101qc6000,true,1,2,60,0.0329,0.35,0.3,1.3575,1E-6
05410_g2101qc7600,true,1,2,60,0.0329,0.35,0.3,1.3575,1E-6
05410_g2101ra0900,true,1,2,60,0.026575,0.35,0.3,1.11725,1E-6
05410_g2101ra5400,true,1,2,60,0.0193,0.35,0.3,1.0715,1E-6
05410_g2101ra8200,true,1,2,60,0.026575,0.35,0.3,1.11725,1E-6
05410_g2101rb6300,true,1,2,60,0.026575,0.35,0.3,1.11725,1E-6
05410_g2101rc6500,true,1,2,60,0.02025,0.35,0.3,0.877,1E-6
05410_g2101sa6800,true,1,2,60,0.0329,0.35,0.3,1.3575,1E-6
05410_g2101sb1800,true,1,2,60,0.026575,0.35,0.3,1.11725,1E-6
05410_g2101sb2000,true,1,2,60,0.026575,0.35,0.3,1.11725,1E-6
05410_g2101sb6500,true,1,2,60,0.026575,0.35,0.3,1.11725,1E-6
05410_g2101sc5300,true,1,2,60,0.0193,0.35,0.3,1.0715,1E-6
05410_g2101ta3200,true,1,2,60,0.0329,0.35,0.3,1.3575,1E-6
05410_g2101tb0900,true,1,2,60,0.026575,0.35,0.3,1.11725,1E-6
05410_g2101tb9300,true,1,2,60,0.02025,0.35,0.3,0.877,1E-6
05410_g2101tc2600,true,1,2,60,0.0329,0.35,0.3,1.3575,1E-6
05410_g2101tc2601,true,1,2,60,0.0329,0.35,0.3,1.3575,1E-6
05410_g2101ub2800,true,1,2,60,0.026575,0.35,0.3,1.11725,1E-6
05410_g2102aa5600,true,1,2,60,0.01745,0.35,0.3,1.316,1E-6
05410_g2102aa7100,true,1,2,60,0.01745,0.35,0.3,1.316,1E-6
05410_g2102ab5500,true,1,2,60,0.0329,0.35,0.3,1.3575,1E-6
05410_g2102ac6800,true,1,2,60,0.02025,0.35,0.3,0.877,1E-6
05410_g2102ac8400,true,1,2,60,0.0218,0.35,0.3,1.49333333333333,1E-6
05410_g2102ad5000,true,1,2,60,0.02025,0.35,0.3,0.877,1E-6
05410_g2102ad8800,true,1,2,60,0.02025,0.35,0.3,0.877,1E-6
05410_g2102ae4600,true,1,2,60,0.02025,0.35,0.3,0.877,1E-6
05410_g2102ae9300,true,1,2,60,0.02025,0.35,0.3,0.877,1E-6
05410_g2102af7100,true,1,2,60,0.02025,0.35,0.3,0.877,1E-6
05410_g2102af8900,true,1,2,60,0.02025,0.35,0.3,0.877,1E-6
05410_g2102ag6500,true,1,2,60,0.0329,0.35,0.3,1.3575,1E-6
05410_g2102ag7900,true,1,2,60,0.0329,0.35,0.3,1.3575,1E-6
05410_g2102bb1100,true,1,2,60,0.01745,0.35,0.3,1.316,1E-6
05410_g2102bb3500,true,1,2,60,0.01965,0.35,0.3,1.134,1E-6
05410_g2102bb6900,true,1,2,60,0.01745,0.35,0.3,1.316,1E-6
05410_g2102bc7600,true,1,2,60,0.01835,0.35,0.3,1.266,1E-6
05410_g2102bc8300,true,1,2,60,0.01965,0.35,0.3,1.134,1E-6
05410_g2102bd3700,true,1,2,60,0.01965,0.35,0.3,1.134,1E-6
05410_g2102bf5100,true,1,2,60,0.02025,0.35,0.3,0.877,1E-6
05410_g2102cb4400,true,1,2,60,0.01965,0.35,0.3,1.134,1E-6
05410_g2102cb6400,true,1,2,60,0.01745,0.35,0.3,1.316,1E-6
05410_g2102cb9700,true,1,2,60,0.01965,0.35,0.3,1.134,1E-6
05410_g2102cc0600,true,1,2,60,0.01745,0.35,0.3,1.316,1E-6
05410_g2102cf1500,true,1,2,60,0.02025,0.35,0.3,0.877,1E-6
05410_g2102cf4600,true,1,2,60,0.01965,0.35,0.3,1.134,1E-6
05410_g2102cg5800,true,1,2,60,0.01965,0.35,0.3,1.134,1E-6
05410_g2102da2700,true,1,2,60,0.01575,0.35,0.3,1.4,1E-6
05410_g2102da9200,true,1,2,60,0.01745,0.35,0.3,1.316,1E-6
05410_g2102dd1700,true,1,2,60,0.01745,0.35,0.3,1.316,1E-6
05410_g2102dd3500,true,1,2,60,0.01965,0.35,0.3,1.134,1E-6
05410_g2102de7300,true,1,2,60,0.01745,0.35,0.3,1.316,1E-6
05410_g2102df2900,true,1,2,60,0.01745,0.35,0.3,1.316,1E-6
05410_g2102df8900,true,1,2,60,0.01745,0.35,0.3,1.316,1E-6
05410_g2102dg8300,true,1,2,60,0.02025,0.35,0.3,0.877,1E-6
05410_g2102dg9500,true,1,2,60,0.02025,0.35,0.3,0.877,1E-6
05410_g2102ea4000,true,1,2,60,0.01835,0.35,0.3,1.266,1E-6
05410_g2102eg8500,true,1,2,60,0.02025,0.35,0.3,0.877,1E-6
05410_g2102fa2400,true,1,2,60,0.01745,0.35,0.3,1.316,1E-6
05410_g2102ff3700,true,1,2,60,0.02025,0.35,0.3,0.877,1E-6
